[ {
  "uid" : "a4207188954441a9",
  "name" : "test_basic_model[0]",
  "time" : {
    "start" : 1589248093571,
    "stop" : 1589248112261,
    "duration" : 18690
  },
  "status" : "passed",
  "severity" : "normal"
}, {
  "uid" : "a831335d191bd818",
  "name" : "test_basic_model[10]",
  "time" : {
    "start" : 1589248112269,
    "stop" : 1589248130149,
    "duration" : 17880
  },
  "status" : "passed",
  "severity" : "normal"
}, {
  "uid" : "c921ce6c41528488",
  "name" : "test_loopback[0]",
  "time" : {
    "start" : 1589248072028,
    "stop" : 1589248072056,
    "duration" : 28
  },
  "status" : "passed",
  "severity" : "normal"
}, {
  "uid" : "ffc6c098d7797006",
  "name" : "test_basic_model[-10]",
  "time" : {
    "start" : 1589248072210,
    "stop" : 1589248093563,
    "duration" : 21353
  },
  "status" : "passed",
  "severity" : "normal"
}, {
  "uid" : "7132ba84ddae0926",
  "name" : "test_basic_model",
  "time" : {
    "start" : 1589248130156,
    "stop" : 1589248147793,
    "duration" : 17637
  },
  "status" : "passed",
  "severity" : "normal"
}, {
  "uid" : "3f6d5a1231a4c5e9",
  "name" : "test_loopback[-10]",
  "time" : {
    "start" : 1589248071920,
    "stop" : 1589248071944,
    "duration" : 24
  },
  "status" : "failed",
  "severity" : "normal"
}, {
  "uid" : "d48d08187334350f",
  "name" : "test_loopback[10]",
  "time" : {
    "start" : 1589248072064,
    "stop" : 1589248072084,
    "duration" : 20
  },
  "status" : "failed",
  "severity" : "normal"
} ]