{
  "uid" : "b1a8273437954620fa374b796ffaacdd",
  "name" : "behaviors",
  "children" : [ {
    "name" : "test_loopback[-10]",
    "uid" : "3f6d5a1231a4c5e9",
    "parentUid" : "b1a8273437954620fa374b796ffaacdd",
    "status" : "failed",
    "time" : {
      "start" : 1589248071920,
      "stop" : 1589248071944,
      "duration" : 24
    },
    "flaky" : false,
    "newFailed" : false,
    "parameters" : [ "-10" ]
  }, {
    "name" : "test_loopback[0]",
    "uid" : "c921ce6c41528488",
    "parentUid" : "b1a8273437954620fa374b796ffaacdd",
    "status" : "passed",
    "time" : {
      "start" : 1589248072028,
      "stop" : 1589248072056,
      "duration" : 28
    },
    "flaky" : false,
    "newFailed" : false,
    "parameters" : [ "0" ]
  }, {
    "name" : "test_loopback[10]",
    "uid" : "d48d08187334350f",
    "parentUid" : "b1a8273437954620fa374b796ffaacdd",
    "status" : "failed",
    "time" : {
      "start" : 1589248072064,
      "stop" : 1589248072084,
      "duration" : 20
    },
    "flaky" : false,
    "newFailed" : false,
    "parameters" : [ "10" ]
  }, {
    "name" : "test_basic_model[-10]",
    "uid" : "ffc6c098d7797006",
    "parentUid" : "b1a8273437954620fa374b796ffaacdd",
    "status" : "passed",
    "time" : {
      "start" : 1589248072210,
      "stop" : 1589248093563,
      "duration" : 21353
    },
    "flaky" : false,
    "newFailed" : false,
    "parameters" : [ "-10" ]
  }, {
    "name" : "test_basic_model[0]",
    "uid" : "a4207188954441a9",
    "parentUid" : "b1a8273437954620fa374b796ffaacdd",
    "status" : "passed",
    "time" : {
      "start" : 1589248093571,
      "stop" : 1589248112261,
      "duration" : 18690
    },
    "flaky" : false,
    "newFailed" : false,
    "parameters" : [ "0" ]
  }, {
    "name" : "test_basic_model[10]",
    "uid" : "a831335d191bd818",
    "parentUid" : "b1a8273437954620fa374b796ffaacdd",
    "status" : "passed",
    "time" : {
      "start" : 1589248112269,
      "stop" : 1589248130149,
      "duration" : 17880
    },
    "flaky" : false,
    "newFailed" : false,
    "parameters" : [ "10" ]
  }, {
    "name" : "test_basic_model",
    "uid" : "7132ba84ddae0926",
    "parentUid" : "b1a8273437954620fa374b796ffaacdd",
    "status" : "passed",
    "time" : {
      "start" : 1589248130156,
      "stop" : 1589248147793,
      "duration" : 17637
    },
    "flaky" : false,
    "newFailed" : false,
    "parameters" : [ ]
  } ]
}