{
  "uid" : "4b4757e66a1912dae1a509f688f20b0f",
  "name" : "categories",
  "children" : [ {
    "name" : "Product defects",
    "children" : [ {
      "name" : "AssertionError: assert -10.0 == -100\n  +-10.0\n  --100",
      "children" : [ {
        "name" : "test_loopback[-10]",
        "uid" : "3f6d5a1231a4c5e9",
        "parentUid" : "e14c9686c8ed88920d666335d79cf3a2",
        "status" : "failed",
        "time" : {
          "start" : 1589248071920,
          "stop" : 1589248071944,
          "duration" : 24
        },
        "flaky" : false,
        "newFailed" : false,
        "parameters" : [ "-10" ]
      } ],
      "uid" : "e14c9686c8ed88920d666335d79cf3a2"
    }, {
      "name" : "AssertionError: assert 10.0 == 100\n  +10.0\n  -100",
      "children" : [ {
        "name" : "test_loopback[10]",
        "uid" : "d48d08187334350f",
        "parentUid" : "42452fd26187cbd5ba54996728fd36f6",
        "status" : "failed",
        "time" : {
          "start" : 1589248072064,
          "stop" : 1589248072084,
          "duration" : 20
        },
        "flaky" : false,
        "newFailed" : false,
        "parameters" : [ "10" ]
      } ],
      "uid" : "42452fd26187cbd5ba54996728fd36f6"
    } ],
    "uid" : "8fb3a91ba5aaf9de24cc8a92edc82b5d"
  } ]
}