{
  "uid" : "ab17fc5a4eb3bca4b216b548c7f9fcbc",
  "name" : "timeline",
  "children" : [ {
    "name" : "DESKTOP-E60EQGS",
    "children" : [ {
      "name" : "15868-MainThread",
      "children" : [ {
        "name" : "test_loopback[-10]",
        "uid" : "3f6d5a1231a4c5e9",
        "parentUid" : "c679600f7a3caba7b71b7549f869b8b0",
        "status" : "failed",
        "time" : {
          "start" : 1589248071920,
          "stop" : 1589248071944,
          "duration" : 24
        },
        "flaky" : false,
        "newFailed" : false,
        "parameters" : [ "-10" ]
      }, {
        "name" : "test_basic_model",
        "uid" : "7132ba84ddae0926",
        "parentUid" : "c679600f7a3caba7b71b7549f869b8b0",
        "status" : "passed",
        "time" : {
          "start" : 1589248130156,
          "stop" : 1589248147793,
          "duration" : 17637
        },
        "flaky" : false,
        "newFailed" : false,
        "parameters" : [ ]
      }, {
        "name" : "test_loopback[0]",
        "uid" : "c921ce6c41528488",
        "parentUid" : "c679600f7a3caba7b71b7549f869b8b0",
        "status" : "passed",
        "time" : {
          "start" : 1589248072028,
          "stop" : 1589248072056,
          "duration" : 28
        },
        "flaky" : false,
        "newFailed" : false,
        "parameters" : [ "0" ]
      }, {
        "name" : "test_basic_model[-10]",
        "uid" : "ffc6c098d7797006",
        "parentUid" : "c679600f7a3caba7b71b7549f869b8b0",
        "status" : "passed",
        "time" : {
          "start" : 1589248072210,
          "stop" : 1589248093563,
          "duration" : 21353
        },
        "flaky" : false,
        "newFailed" : false,
        "parameters" : [ "-10" ]
      }, {
        "name" : "test_basic_model[10]",
        "uid" : "a831335d191bd818",
        "parentUid" : "c679600f7a3caba7b71b7549f869b8b0",
        "status" : "passed",
        "time" : {
          "start" : 1589248112269,
          "stop" : 1589248130149,
          "duration" : 17880
        },
        "flaky" : false,
        "newFailed" : false,
        "parameters" : [ "10" ]
      }, {
        "name" : "test_loopback[10]",
        "uid" : "d48d08187334350f",
        "parentUid" : "c679600f7a3caba7b71b7549f869b8b0",
        "status" : "failed",
        "time" : {
          "start" : 1589248072064,
          "stop" : 1589248072084,
          "duration" : 20
        },
        "flaky" : false,
        "newFailed" : false,
        "parameters" : [ "10" ]
      }, {
        "name" : "test_basic_model[0]",
        "uid" : "a4207188954441a9",
        "parentUid" : "c679600f7a3caba7b71b7549f869b8b0",
        "status" : "passed",
        "time" : {
          "start" : 1589248093571,
          "stop" : 1589248112261,
          "duration" : 18690
        },
        "flaky" : false,
        "newFailed" : false,
        "parameters" : [ "0" ]
      } ],
      "uid" : "c679600f7a3caba7b71b7549f869b8b0"
    } ],
    "uid" : "392d6a1d8b2eadedb9d8731b800297a5"
  } ]
}