{
  "e0bb27fba54bd3651b5e95aa7bdcaee4" : {
    "statistic" : {
      "failed" : 0,
      "broken" : 0,
      "skipped" : 0,
      "passed" : 1,
      "unknown" : 0,
      "total" : 1
    },
    "items" : [ {
      "uid" : "a4207188954441a9",
      "status" : "passed",
      "time" : {
        "start" : 1589248093571,
        "stop" : 1589248112261,
        "duration" : 18690
      }
    } ]
  },
  "4dbfc69e89e421ac084c4a840b550a65" : {
    "statistic" : {
      "failed" : 0,
      "broken" : 0,
      "skipped" : 0,
      "passed" : 1,
      "unknown" : 0,
      "total" : 1
    },
    "items" : [ {
      "uid" : "ffc6c098d7797006",
      "status" : "passed",
      "time" : {
        "start" : 1589248072210,
        "stop" : 1589248093563,
        "duration" : 21353
      }
    } ]
  },
  "63e4839aca45fbfa37271076ae20d934" : {
    "statistic" : {
      "failed" : 1,
      "broken" : 0,
      "skipped" : 0,
      "passed" : 0,
      "unknown" : 0,
      "total" : 1
    },
    "items" : [ {
      "uid" : "3f6d5a1231a4c5e9",
      "status" : "failed",
      "statusDetails" : "AssertionError: assert -10.0 == -100\n  +-10.0\n  --100",
      "time" : {
        "start" : 1589248071920,
        "stop" : 1589248071944,
        "duration" : 24
      }
    } ]
  },
  "eab3ce11ea28ccad37abadf9e2a3083c" : {
    "statistic" : {
      "failed" : 1,
      "broken" : 0,
      "skipped" : 0,
      "passed" : 0,
      "unknown" : 0,
      "total" : 1
    },
    "items" : [ {
      "uid" : "d48d08187334350f",
      "status" : "failed",
      "statusDetails" : "AssertionError: assert 10.0 == 100\n  +10.0\n  -100",
      "time" : {
        "start" : 1589248072064,
        "stop" : 1589248072084,
        "duration" : 20
      }
    } ]
  },
  "f8864027d3d70f0cff5083a085b2fbdb" : {
    "statistic" : {
      "failed" : 0,
      "broken" : 0,
      "skipped" : 0,
      "passed" : 1,
      "unknown" : 0,
      "total" : 1
    },
    "items" : [ {
      "uid" : "c921ce6c41528488",
      "status" : "passed",
      "time" : {
        "start" : 1589248072028,
        "stop" : 1589248072056,
        "duration" : 28
      }
    } ]
  },
  "08e852553bea61b3c7bb41a7e71a014e" : {
    "statistic" : {
      "failed" : 0,
      "broken" : 0,
      "skipped" : 0,
      "passed" : 1,
      "unknown" : 0,
      "total" : 1
    },
    "items" : [ {
      "uid" : "7132ba84ddae0926",
      "status" : "passed",
      "time" : {
        "start" : 1589248130156,
        "stop" : 1589248147793,
        "duration" : 17637
      }
    } ]
  },
  "17ea9d08197cc9a88699d59fd3c0ed80" : {
    "statistic" : {
      "failed" : 0,
      "broken" : 0,
      "skipped" : 0,
      "passed" : 1,
      "unknown" : 0,
      "total" : 1
    },
    "items" : [ {
      "uid" : "a831335d191bd818",
      "status" : "passed",
      "time" : {
        "start" : 1589248112269,
        "stop" : 1589248130149,
        "duration" : 17880
      }
    } ]
  }
}